source,title,company,category,location,salary,date_posted
RemoteOK,Senior Python Backend Engineer,Company-754,fintech,US (Remote),$90k-140k,2024-09-15
WeWorkRemotely,Full-Stack TypeScript Developer,Company-214,SaaS,US (Remote),$85k-130k,2024-09-14
AngelList,AI/ML Engineer (Early Stage),Company-125,AI startup,US (Remote),$100k-160k,2024-09-16
Remotive,DevOps Engineer (Mid-level),Company-859,cloud infra,EU (Remote),$75k-110k,2024-09-13
FlexJobs,Product Manager (B2B SaaS),Company-381,SaaS,US (Remote),$95k-135k,2024-09-12
Jobicy,Data Scientist (Marketing Analytics),Company-350,adtech,US (Remote),$80k-120k,2024-09-15
Working Nomads,Security Engineer (Cloud),Company-328,cybersecurity,Global,$100k-150k,2024-09-14
AngelList,Frontend Engineer (Series A),Company-242,fintech,US (Remote),$85k-125k,2024-09-16
RemoteOK,Backend Go Engineer,Company-854,infrastructure,Global,$90k-140k,2024-09-15
WeWorkRemotely,QA Automation Engineer,Company-204,SaaS,US (Remote),$70k-100k,2024-09-13
